Market_Sentiment,avg_pnl,total_volume,total_trades,avg_buy_sell_ratio
Fear,31.308506032121347,483324789.79,61826,4.767353237923719
Greed,39.43322468223452,288582494.71999997,50283,2.263881469545031
Neutral,57.86793454385932,419191489.09,99066,2.1301686856778073
